{
    "loss": 0.9037069082260132,
    "accuracy": 0.8448275923728943
}